event_id,round,player,points,tournament_points,opponent
1,1,Tim Bailey,114,4,Jared Eslick-Coats
1,1,Jared Eslick-Coats,214,7,Tim Bailey
1,1,Dennis Daniels,0,1,Michael Wright
1,1,Michael Wright,400,10,Dennis Daniels
1,1,Rob Harrison,400,9,Robin Sather
1,1,Robin Sather,106,2,Rob Harrison
1,1,Matt Somes,42,2,Patrick Doupe
1,1,Patrick Doupe,319,9,Matt Somes
1,1,Ryan Neupert,331,6,John Benedict
1,1,John Benedict,317,5,Ryan Neupert
1,1,Ryder Curry,170,7,Steve Smaha
1,1,Steve Smaha,74,4,Ryder Curry
1,1,Christopher Ernest,336,9,Nicholas Kolker
1,1,Nicholas Kolker,84,2,Christopher Ernest
1,1,Daniel Unzeitig,184,6,Mathew Schlueter
1,1,Mathew Schlueter,136,5,Daniel Unzeitig
1,1,Kevin Leintz,232,7,Royce Podeszwa
1,1,Royce Podeszwa,168,4,Kevin Leintz
1,1,Aiden Jablonski,27,3,Charles White
1,1,Charles White,217,8,Aiden Jablonski
1,1,Adam Klopfenstein,306,5,Eric Pearson
1,1,Eric Pearson,333,6,Adam Klopfenstein
1,1,Marcus Kubryn,25,5,Derek MacKinnon
1,1,Derek MacKinnon,78,6,Marcus Kubryn
1,1,Brooke Kortenbusch,318,7,Kyle Holt
1,1,Kyle Holt,258,4,Brooke Kortenbusch
1,1,Dennis Raschke,157,7,Paul Adler
1,1,Paul Adler,46,4,Dennis Raschke
1,1,Daniel Allen,108,7,Tom Kolker
1,1,Tom Kolker,0,4,Daniel Allen
1,1,Christopher McWilliam,87,4,Robert Coldwell
1,1,Robert Coldwell,158,7,Christopher McWilliam
1,1,Batlomiej Przybysz,215,7,Derek Cummings
1,1,Derek Cummings,78,4,Batlomiej Przybysz
1,1,Devon Balas,103,4,Nathanial Beaver
1,1,Nathanial Beaver,175,7,Devon Balas
1,1,Aaron Klingbeil,0,3,Kyle Bowen
1,1,Kyle Bowen,190,8,Aaron Klingbeil
1,1,Andy Jackson,174,4,Benjamin Baldwin
1,1,Benjamin Baldwin,259,7,Andy Jackson
1,1,Evan Rice,109,3,Christopher Fritz
1,1,Christopher Fritz,268,8,Evan Rice
1,1,Jacob Thompson,118,3,Paul Tomashevskyi
1,1,Paul Tomashevskyi,282,8,Jacob Thompson
1,1,William Brand,120,4,Jeffrey Post
1,1,Jeffrey Post,206,7,William Brand
1,1,Joseph Nelligan,242,6,Jerzy Frączek
1,1,Jerzy Frączek,218,5,Joseph Nelligan
1,1,Joshua Fletcher,52,4,Robert Podeszwa
1,1,Robert Podeszwa,153,7,Joshua Fletcher
1,1,Jordan Shettell,130,5,Lucas Woolard
1,1,Lucas Woolard,189,6,Jordan Shettell
1,1,Andrew Armbruster,61,7,Matthew Stoebner
1,1,Matthew Stoebner,0,4,Andrew Armbruster
1,1,Christopher Cottrill,28,5,Christopher Dyson
1,1,Christopher Dyson,58,6,Christopher Cottrill
1,1,Paul Conrad,359,8,Patrick Logan
1,1,Patrick Logan,143,3,Paul Conrad
1,1,Hiroki Ogawa,70,3,Ian Franklin
1,1,Ian Franklin,230,8,Hiroki Ogawa
1,1,Joshua Gorhau,89,6,Aaron Ray
1,1,Aaron Ray,51,5,Joshua Gorhau
1,1,Justin Campeau,60,4,Nicholas Larson
1,1,Nicholas Larson,193,7,Justin Campeau
1,1,Jason Dedrick,201,6,Justin Robbins
1,1,Justin Robbins,155,5,Jason Dedrick
1,1,Matt Palo,184,5,Aaron Hudson
1,1,Aaron Hudson,216,6,Matt Palo
1,1,Shawn Tweten,240,4,Mariano Banchero
1,1,Mariano Banchero,318,7,Shawn Tweten
1,1,Kale Campagna,87,1,Mitchell Fallinger
1,1,Mitchell Fallinger,480,10,Kale Campagna
1,1,Daniel Hrobar,32,4,Sean Newman
1,1,Sean Newman,165,7,Daniel Hrobar
1,1,Joseph Morton,196,3,Drew Hunnicutt
1,1,Drew Hunnicutt,359,8,Joseph Morton
1,1,Ricardo Marmolejo,55,1,Lewis Wright
1,1,Lewis Wright,400,10,Ricardo Marmolejo
1,1,Christian Garcia,535,10,William Welch
1,1,William Welch,149,1,Christian Garcia
1,1,Timothy Surburg,256,7,Greg Goodwin
1,1,Greg Goodwin,156,4,Timothy Surburg
1,1,Rhys Aghatabay,480,10,Mitchell Trantham
1,1,Mitchell Trantham,81,1,Rhys Aghatabay
1,1,Samuel Wang,0,5,Ryan Kubryn
1,1,Ryan Kubryn,26,6,Samuel Wang
1,1,Andrew Preyer,301,8,Roy Drum
1,1,Roy Drum,82,3,Andrew Preyer
1,1,Josh Phipps,25,4,Eric Kingsley
1,1,Eric Kingsley,137,7,Josh Phipps
1,1,Aron Huckaba,0,3,Adam Newton
1,1,Adam Newton,218,8,Aron Huckaba
1,1,Ryan Becker,234,9,William Gutierrez Gonzalez
1,1,William Gutierrez Gonzalez,0,2,Ryan Becker
1,1,Robert Olmsted,0,1,Justin Preyer
1,1,Justin Preyer,480,10,Robert Olmsted
1,1,David Huber,90,5,Greg Fyfe
1,1,Greg Fyfe,126,6,David Huber
1,1,Ian Halterman,225,3,James McCartney
1,1,James McCartney,405,8,Ian Halterman
1,1,Justin Schoonmaker,192,7,David Holmes
1,1,David Holmes,56,4,Justin Schoonmaker
1,1,Tyler Szorcsik,91,5,Nicholas Brown
1,1,Nicholas Brown,147,6,Tyler Szorcsik
1,1,Atticus Rampson,161,3,Andrew Clarke
1,1,Andrew Clarke,344,8,Atticus Rampson
1,1,Owen Evans,215,7,Andrew Koltun
1,1,Andrew Koltun,96,4,Owen Evans
1,1,Mackenzie Dalla Lana,67,5,Jason Hughley
1,1,Jason Hughley,67,6,Mackenzie Dalla Lana
1,1,Eric Burtch,480,10,Steve Cornell
1,1,Steve Cornell,121,1,Eric Burtch
1,1,Samuel Simon,68,6,Eric Connors
1,1,Eric Connors,64,5,Samuel Simon
1,1,Nathan Ray,119,4,Matthew Moncrief
1,1,Matthew Moncrief,184,7,Nathan Ray
1,1,Michael Cox,187,7,Forrest Weigel
1,1,Forrest Weigel,126,4,Michael Cox
1,1,Nicholas Griffiths,250,7,William Schuman
1,1,William Schuman,148,4,Nicholas Griffiths
1,1,Colin Looney,351,7,Justin Rasmussen
1,1,Justin Rasmussen,260,4,Colin Looney
1,1,William Oder,206,5,Aidan Broome
1,1,Aidan Broome,240,6,William Oder
1,1,Jakub Charmo,284,9,Joseph Ziebelman
1,1,Joseph Ziebelman,53,2,Jakub Charmo
1,1,Landon Vomastic,47,1,Andrew Sackett
1,1,Andrew Sackett,490,10,Landon Vomastic
1,1,Damon Jordan,290,9,Josiah Nelson
1,1,Josiah Nelson,63,2,Damon Jordan
1,1,Matthew Ansley,400,10,Robert Schaefer
1,1,Robert Schaefer,53,1,Matthew Ansley
1,1,John Fischer,400,9,Adam Momsen
1,1,Adam Momsen,108,2,John Fischer
1,1,Bodhi Lovely,54,6,Scott Bellamy
1,1,Scott Bellamy,44,5,Bodhi Lovely
1,1,Michael Lyssy,93,5,Matthew Chambers
1,1,Matthew Chambers,105,6,Michael Lyssy
1,1,Andrew Graber,160,7,Will Ross
1,1,Will Ross,42,4,Andrew Graber
1,1,Jacek Klopotowski,223,9,Dennis Backofen
1,1,Dennis Backofen,0,2,Jacek Klopotowski
1,1,Paul Heaver,231,5,James Godfrey
1,1,James Godfrey,251,6,Paul Heaver
1,1,Andrew Doty,225,6,Jacob Amos-Landgraf
1,1,Jacob Amos-Landgraf,168,5,Andrew Doty
1,1,Kyle Campagna,140,8,
1,2,Matthew Ansley,158,5,Michael Wright
1,2,Michael Wright,208,6,Matthew Ansley
1,2,Mitchell Fallinger,164,5,Lewis Wright
1,2,Lewis Wright,202,6,Mitchell Fallinger
1,2,Justin Preyer,0,5,Rhys Aghatabay
1,2,Rhys Aghatabay,29,6,Justin Preyer
1,2,Eric Burtch,198,8,Christian Garcia
1,2,Christian Garcia,43,3,Eric Burtch
1,2,Damon Jordan,73,1,Andrew Sackett
1,2,Andrew Sackett,400,10,Damon Jordan
1,2,Jacek Klopotowski,272,9,John Fischer
1,2,John Fischer,23,2,Jacek Klopotowski
1,2,Rob Harrison,0,4,Ryan Becker
1,2,Ryan Becker,127,7,Rob Harrison
1,2,Jakub Charmo,67,2,Patrick Doupe
1,2,Patrick Doupe,354,9,Jakub Charmo
1,2,Kyle Campagna,230,7,Christopher Ernest
1,2,Christopher Ernest,160,4,Kyle Campagna
1,2,Andrew Clarke,48,6,Paul Conrad
1,2,Paul Conrad,48,5,Andrew Clarke
1,2,Kyle Bowen,72,5,Charles White
1,2,Charles White,75,6,Kyle Bowen
1,2,Christopher Fritz,338,9,Drew Hunnicutt
1,2,Drew Hunnicutt,97,2,Christopher Fritz
1,2,James McCartney,40,6,Ian Franklin
1,2,Ian Franklin,0,5,James McCartney
1,2,Joseph Nelligan,205,8,Paul Tomashevskyi
1,2,Paul Tomashevskyi,40,3,Joseph Nelligan
1,2,Adam Newton,179,6,Andrew Preyer
1,2,Andrew Preyer,134,5,Adam Newton
1,2,Robert Podeszwa,167,3,Colin Looney
1,2,Colin Looney,325,8,Robert Podeszwa
1,2,Kevin Leintz,134,4,Justin Schoonmaker
1,2,Justin Schoonmaker,203,7,Kevin Leintz
1,2,Jeffrey Post,40,3,Andrew Graber
1,2,Andrew Graber,204,8,Jeffrey Post
1,2,Batlomiej Przybysz,56,2,Daniel Allen
1,2,Daniel Allen,306,9,Batlomiej Przybysz
1,2,Dennis Raschke,159,7,Eric Kingsley
1,2,Eric Kingsley,25,4,Dennis Raschke
1,2,Benjamin Baldwin,44,4,Andrew Armbruster
1,2,Andrew Armbruster,171,7,Benjamin Baldwin
1,2,Timothy Surburg,132,3,Robert Coldwell
1,2,Robert Coldwell,311,8,Timothy Surburg
1,2,Brooke Kortenbusch,260,9,Jared Eslick-Coats
1,2,Jared Eslick-Coats,15,2,Brooke Kortenbusch
1,2,Ryder Curry,43,4,Matthew Moncrief
1,2,Matthew Moncrief,143,7,Ryder Curry
1,2,Nicholas Larson,76,6,Owen Evans
1,2,Owen Evans,68,5,Nicholas Larson
1,2,Michael Cox,220,7,Mariano Banchero
1,2,Mariano Banchero,104,4,Michael Cox
1,2,Nicholas Griffiths,158,7,Sean Newman
1,2,Sean Newman,36,4,Nicholas Griffiths
1,2,Lucas Woolard,235,5,Nathanial Beaver
1,2,Nathanial Beaver,248,6,Lucas Woolard
1,2,Christopher Dyson,106,3,Samuel Simon
1,2,Samuel Simon,280,8,Christopher Dyson
1,2,Aidan Broome,30,3,Joshua Gorhau
1,2,Joshua Gorhau,203,8,Aidan Broome
1,2,Daniel Unzeitig,271,9,James Godfrey
1,2,James Godfrey,0,2,Daniel Unzeitig
1,2,Bodhi Lovely,76,1,Jason Dedrick
1,2,Jason Dedrick,450,10,Bodhi Lovely
1,2,Aaron Hudson,187,6,Greg Fyfe
1,2,Greg Fyfe,142,5,Aaron Hudson
1,2,Andrew Doty,50,3,Nicholas Brown
1,2,Nicholas Brown,238,8,Andrew Doty
1,2,Jason Hughley,520,10,Matthew Chambers
1,2,Matthew Chambers,0,1,Jason Hughley
1,2,Ryan Neupert,56,4,Derek MacKinnon
1,2,Derek MacKinnon,145,7,Ryan Neupert
1,2,Eric Pearson,211,7,Ryan Kubryn
1,2,Ryan Kubryn,97,4,Eric Pearson
1,2,Christopher Cottrill,39,1,Mackenzie Dalla Lana
1,2,Mackenzie Dalla Lana,400,10,Christopher Cottrill
1,2,Scott Bellamy,400,10,Jacob Amos-Landgraf
1,2,Jacob Amos-Landgraf,35,1,Scott Bellamy
1,2,Eric Connors,0,5,Samuel Wang
1,2,Samuel Wang,0,6,Eric Connors
1,2,Tyler Szorcsik,100,5,Jordan Shettell
1,2,Jordan Shettell,147,6,Tyler Szorcsik
1,2,David Huber,97,6,Mathew Schlueter
1,2,Mathew Schlueter,82,5,David Huber
1,2,John Benedict,331,9,Adam Klopfenstein
1,2,Adam Klopfenstein,94,2,John Benedict
1,2,Matt Palo,139,4,Marcus Kubryn
1,2,Marcus Kubryn,244,7,Matt Palo
1,2,Paul Heaver,520,8,Michael Lyssy
1,2,Michael Lyssy,341,3,Paul Heaver
1,2,Justin Robbins,105,4,William Oder
1,2,William Oder,227,7,Justin Robbins
1,2,Justin Campeau,62,5,Aaron Ray
1,2,Aaron Ray,71,6,Justin Campeau
1,2,Royce Podeszwa,235,8,Josh Phipps
1,2,Josh Phipps,86,3,Royce Podeszwa
1,2,Paul Adler,285,6,Nathan Ray
1,2,Nathan Ray,283,5,Paul Adler
1,2,Forrest Weigel,54,4,William Brand
1,2,William Brand,118,7,Forrest Weigel
1,2,Tom Kolker,0,3,Matthew Stoebner
1,2,Matthew Stoebner,208,8,Tom Kolker
1,2,Shawn Tweten,191,3,Tim Bailey
1,2,Tim Bailey,400,8,Shawn Tweten
1,2,Derek Cummings,300,8,Greg Goodwin
1,2,Greg Goodwin,103,3,Derek Cummings
1,2,Andrew Koltun,131,4,Devon Balas
1,2,Devon Balas,210,7,Andrew Koltun
1,2,William Schuman,210,8,Steve Smaha
1,2,Steve Smaha,32,3,William Schuman
1,2,Kyle Holt,179,5,Andy Jackson
1,2,Andy Jackson,223,6,Kyle Holt
1,2,Will Ross,400,9,Daniel Hrobar
1,2,Daniel Hrobar,157,2,Will Ross
1,2,Christopher McWilliam,85,4,David Holmes
1,2,David Holmes,208,7,Christopher McWilliam
1,2,Justin Rasmussen,50,3,Joshua Fletcher
1,2,Joshua Fletcher,251,8,Justin Rasmussen
1,2,Evan Rice,180,5,Jacob Thompson
1,2,Jacob Thompson,204,6,Evan Rice
1,2,Ian Halterman,190,5,Joseph Morton
1,2,Joseph Morton,240,6,Ian Halterman
1,2,Aiden Jablonski,181,4,Roy Drum
1,2,Roy Drum,263,7,Aiden Jablonski
1,2,Aaron Klingbeil,170,2,Aron Huckaba
1,2,Aron Huckaba,420,9,Aaron Klingbeil
1,2,Hiroki Ogawa,379,10,Atticus Rampson
1,2,Atticus Rampson,46,1,Hiroki Ogawa
1,2,Jerzy Frączek,287,8,Patrick Logan
1,2,Patrick Logan,117,3,Jerzy Frączek
1,2,Adam Momsen,126,4,Joseph Ziebelman
1,2,Joseph Ziebelman,225,7,Adam Momsen
1,2,Dennis Backofen,400,9,Nicholas Kolker
1,2,Nicholas Kolker,173,2,Dennis Backofen
1,2,Robin Sather,440,10,Matt Somes
1,2,Matt Somes,113,1,Robin Sather
1,2,Josiah Nelson,48,4,William Gutierrez Gonzalez
1,2,William Gutierrez Gonzalez,140,7,Josiah Nelson
1,2,William Welch,505,10,Mitchell Trantham
1,2,Mitchell Trantham,125,1,William Welch
1,2,Landon Vomastic,443,7,Ricardo Marmolejo
1,2,Ricardo Marmolejo,374,4,Landon Vomastic
1,2,Steve Cornell,239,6,Kale Campagna
1,2,Kale Campagna,181,5,Steve Cornell
1,2,Dennis Daniels,0,1,Robert Olmsted
1,2,Robert Olmsted,400,10,Dennis Daniels
1,2,Robert Schaefer,140,8,
1,3,Andrew Sackett,400,10,Eric Burtch
1,3,Eric Burtch,95,1,Andrew Sackett
1,3,Patrick Doupe,136,7,Jacek Klopotowski
1,3,Jacek Klopotowski,0,4,Patrick Doupe
1,3,Christopher Fritz,134,7,Jason Dedrick
1,3,Jason Dedrick,58,4,Christopher Fritz
1,3,Michael Wright,0,1,Daniel Allen
1,3,Daniel Allen,400,10,Michael Wright
1,3,Jason Hughley,0,5,Rhys Aghatabay
1,3,Rhys Aghatabay,0,6,Jason Hughley
1,3,Brooke Kortenbusch,225,3,Ryan Becker
1,3,Ryan Becker,430,8,Brooke Kortenbusch
1,3,Lewis Wright,46,4,Andrew Graber
1,3,Andrew Graber,125,7,Lewis Wright
1,3,Justin Preyer,102,7,Robert Coldwell
1,3,Robert Coldwell,32,4,Justin Preyer
1,3,Mitchell Fallinger,311,6,Matthew Ansley
1,3,Matthew Ansley,309,5,Mitchell Fallinger
1,3,Daniel Unzeitig,400,10,Scott Bellamy
1,3,Scott Bellamy,47,1,Daniel Unzeitig
1,3,Mackenzie Dalla Lana,259,8,Kyle Campagna
1,3,Kyle Campagna,83,3,Mackenzie Dalla Lana
1,3,Nicholas Griffiths,156,4,Colin Looney
1,3,Colin Looney,277,7,Nicholas Griffiths
1,3,Andrew Clarke,16,4,Andrew Armbruster
1,3,Andrew Armbruster,87,7,Andrew Clarke
1,3,Dennis Raschke,113,7,Charles White
1,3,Charles White,24,4,Dennis Raschke
1,3,Nicholas Brown,139,2,Michael Cox
1,3,Michael Cox,400,9,Nicholas Brown
1,3,Joseph Nelligan,166,4,Justin Schoonmaker
1,3,Justin Schoonmaker,229,7,Joseph Nelligan
1,3,John Benedict,46,1,Samuel Simon
1,3,Samuel Simon,490,10,John Benedict
1,3,James McCartney,259,8,Joshua Gorhau
1,3,Joshua Gorhau,40,3,James McCartney
1,3,Matthew Moncrief,57,4,Adam Newton
1,3,Adam Newton,183,7,Matthew Moncrief
1,3,Christian Garcia,145,6,Ian Franklin
1,3,Ian Franklin,121,5,Christian Garcia
1,3,Hiroki Ogawa,190,7,Rob Harrison
1,3,Rob Harrison,61,4,Hiroki Ogawa
1,3,Nathanial Beaver,267,4,Paul Heaver
1,3,Paul Heaver,400,7,Nathanial Beaver
1,3,Derek MacKinnon,129,4,Eric Pearson
1,3,Eric Pearson,233,7,Derek MacKinnon
1,3,Will Ross,272,6,Jerzy Frączek
1,3,Jerzy Frączek,231,5,Will Ross
1,3,Kyle Bowen,26,3,Paul Conrad
1,3,Paul Conrad,219,8,Kyle Bowen
1,3,Christopher Ernest,84,5,Nicholas Larson
1,3,Nicholas Larson,127,6,Christopher Ernest
1,3,Robin Sather,180,4,Andrew Preyer
1,3,Andrew Preyer,274,7,Robin Sather
1,3,William Oder,213,5,Tim Bailey
1,3,Tim Bailey,227,6,William Oder
1,3,Derek Cummings,205,8,Owen Evans
1,3,Owen Evans,20,3,Derek Cummings
1,3,Matthew Stoebner,189,5,Royce Podeszwa
1,3,Royce Podeszwa,231,6,Matthew Stoebner
1,3,Marcus Kubryn,60,2,Aron Huckaba
1,3,Aron Huckaba,315,9,Marcus Kubryn
1,3,Aaron Hudson,249,9,William Schuman
1,3,William Schuman,8,2,Aaron Hudson
1,3,Joshua Fletcher,490,10,Aaron Ray
1,3,Aaron Ray,159,1,Joshua Fletcher
1,3,William Welch,29,1,David Holmes
1,3,David Holmes,400,10,William Welch
1,3,Ryder Curry,206,7,Paul Tomashevskyi
1,3,Paul Tomashevskyi,99,4,Ryder Curry
1,3,Devon Balas,100,5,David Huber
1,3,David Huber,118,6,Devon Balas
1,3,Samuel Wang,480,10,Dennis Backofen
1,3,Dennis Backofen,15,1,Samuel Wang
1,3,Sean Newman,53,4,Mariano Banchero
1,3,Mariano Banchero,113,7,Sean Newman
1,3,William Brand,153,2,Benjamin Baldwin
1,3,Benjamin Baldwin,400,9,William Brand
1,3,Jakub Charmo,116,5,Kevin Leintz
1,3,Kevin Leintz,173,6,Jakub Charmo
1,3,Eric Kingsley,25,2,Jordan Shettell
1,3,Jordan Shettell,266,9,Eric Kingsley
1,3,John Fischer,63,3,Lucas Woolard
1,3,Lucas Woolard,222,8,John Fischer
1,3,Greg Fyfe,490,10,Robert Olmsted
1,3,Robert Olmsted,41,1,Greg Fyfe
1,3,Jeffrey Post,262,3,Robert Podeszwa
1,3,Robert Podeszwa,480,8,Jeffrey Post
1,3,Ryan Neupert,172,4,Andy Jackson
1,3,Andy Jackson,249,7,Ryan Neupert
1,3,Eric Connors,402,10,Roy Drum
1,3,Roy Drum,72,1,Eric Connors
1,3,Drew Hunnicutt,292,7,Mathew Schlueter
1,3,Mathew Schlueter,159,4,Drew Hunnicutt
1,3,Paul Adler,218,7,Tyler Szorcsik
1,3,Tyler Szorcsik,156,4,Paul Adler
1,3,Ryan Kubryn,111,7,Timothy Surburg
1,3,Timothy Surburg,29,4,Ryan Kubryn
1,3,Damon Jordan,261,9,Joseph Ziebelman
1,3,Joseph Ziebelman,32,2,Damon Jordan
1,3,Jacob Thompson,490,10,Robert Schaefer
1,3,Robert Schaefer,109,1,Jacob Thompson
1,3,William Gutierrez Gonzalez,122,5,Justin Campeau
1,3,Justin Campeau,168,6,William Gutierrez Gonzalez
1,3,Justin Robbins,40,1,Joseph Morton
1,3,Joseph Morton,420,10,Justin Robbins
1,3,Batlomiej Przybysz,103,3,Nathan Ray
1,3,Nathan Ray,294,8,Batlomiej Przybysz
1,3,Christopher Dyson,298,8,Matt Palo
1,3,Matt Palo,131,3,Christopher Dyson
1,3,Jared Eslick-Coats,225,3,Kyle Holt
1,3,Kyle Holt,400,8,Jared Eslick-Coats
1,3,Landon Vomastic,400,7,Aidan Broome
1,3,Aidan Broome,323,4,Landon Vomastic
1,3,Ian Halterman,87,5,Evan Rice
1,3,Evan Rice,133,6,Ian Halterman
1,3,James Godfrey,131,3,Michael Lyssy
1,3,Michael Lyssy,327,8,James Godfrey
1,3,Andrew Koltun,132,1,Christopher McWilliam
1,3,Christopher McWilliam,460,10,Andrew Koltun
1,3,Forrest Weigel,400,9,Adam Klopfenstein
1,3,Adam Klopfenstein,167,2,Forrest Weigel
1,3,Justin Rasmussen,442,10,Tom Kolker
1,3,Tom Kolker,25,1,Justin Rasmussen
1,3,Greg Goodwin,45,1,Bodhi Lovely
1,3,Bodhi Lovely,400,10,Greg Goodwin
1,3,Steve Smaha,47,1,Matthew Chambers
1,3,Matthew Chambers,400,10,Steve Smaha
1,3,Shawn Tweten,217,8,Aiden Jablonski
1,3,Aiden Jablonski,0,3,Shawn Tweten
1,3,Steve Cornell,203,4,Josh Phipps
1,3,Josh Phipps,277,7,Steve Cornell
1,3,Christopher Cottrill,142,1,Adam Momsen
1,3,Adam Momsen,485,10,Christopher Cottrill
1,3,Patrick Logan,490,10,Josiah Nelson
1,3,Josiah Nelson,47,1,Patrick Logan
1,3,Jacob Amos-Landgraf,30,3,Kale Campagna
1,3,Kale Campagna,212,8,Jacob Amos-Landgraf
1,3,Daniel Hrobar,274,4,Aaron Klingbeil
1,3,Aaron Klingbeil,400,7,Daniel Hrobar
1,3,Ricardo Marmolejo,45,1,Nicholas Kolker
1,3,Nicholas Kolker,400,10,Ricardo Marmolejo
1,3,Matt Somes,420,10,Atticus Rampson
1,3,Atticus Rampson,40,1,Matt Somes
1,3,Dennis Daniels,191,8,Mitchell Trantham
1,3,Mitchell Trantham,0,3,Dennis Daniels
1,4,Andrew Sackett,400,10,Daniel Allen
1,4,Daniel Allen,0,1,Andrew Sackett
1,4,Daniel Unzeitig,0,6,Patrick Doupe
1,4,Patrick Doupe,0,5,Daniel Unzeitig
1,4,Ryan Becker,88,4,Christopher Fritz
1,4,Christopher Fritz,181,7,Ryan Becker
1,4,Mackenzie Dalla Lana,0,6,Samuel Simon
1,4,Samuel Simon,0,5,Mackenzie Dalla Lana
1,4,Rhys Aghatabay,0,6,Michael Cox
1,4,Michael Cox,0,5,Rhys Aghatabay
1,4,Justin Preyer,32,3,Joshua Fletcher
1,4,Joshua Fletcher,215,8,Justin Preyer
1,4,Jacek Klopotowski,0,5,Andrew Graber
1,4,Andrew Graber,0,6,Jacek Klopotowski
1,4,James McCartney,40,6,Colin Looney
1,4,Colin Looney,0,5,James McCartney
1,4,David Holmes,0,3,Jason Hughley
1,4,Jason Hughley,203,8,David Holmes
1,4,Adam Newton,0,6,Andrew Armbruster
1,4,Andrew Armbruster,0,5,Adam Newton
1,4,Aaron Hudson,30,3,Samuel Wang
1,4,Samuel Wang,218,8,Aaron Hudson
1,4,Aron Huckaba,30,5,Justin Schoonmaker
1,4,Justin Schoonmaker,45,6,Aron Huckaba
1,4,Greg Fyfe,0,5,Paul Conrad
1,4,Paul Conrad,0,6,Greg Fyfe
1,4,Mitchell Fallinger,0,4,Dennis Raschke
1,4,Dennis Raschke,134,7,Mitchell Fallinger
1,4,Eric Pearson,15,4,Benjamin Baldwin
1,4,Benjamin Baldwin,129,7,Eric Pearson
1,4,Hiroki Ogawa,124,2,Andrew Preyer
1,4,Andrew Preyer,365,9,Hiroki Ogawa
1,4,Paul Heaver,460,7,Eric Connors
1,4,Eric Connors,365,4,Paul Heaver
1,4,Derek Cummings,0,1,Jordan Shettell
1,4,Jordan Shettell,400,10,Derek Cummings
1,4,Lewis Wright,156,5,Matthew Ansley
1,4,Matthew Ansley,159,6,Lewis Wright
1,4,Lucas Woolard,138,2,Jason Dedrick
1,4,Jason Dedrick,400,9,Lucas Woolard
1,4,Brooke Kortenbusch,16,1,Damon Jordan
1,4,Damon Jordan,400,10,Brooke Kortenbusch
1,4,Nicholas Larson,215,8,Will Ross
1,4,Will Ross,53,3,Nicholas Larson
1,4,Robert Coldwell,237,7,Jacob Thompson
1,4,Jacob Thompson,137,4,Robert Coldwell
1,4,Joseph Morton,487,10,Christian Garcia
1,4,Christian Garcia,176,1,Joseph Morton
1,4,Christopher McWilliam,100,5,Eric Burtch
1,4,Eric Burtch,110,6,Christopher McWilliam
1,4,Royce Podeszwa,462,10,Charles White
1,4,Charles White,139,1,Royce Podeszwa
1,4,Mariano Banchero,31,1,Kyle Campagna
1,4,Kyle Campagna,460,10,Mariano Banchero
1,4,Joseph Nelligan,164,7,Christopher Ernest
1,4,Christopher Ernest,68,4,Joseph Nelligan
1,4,Tim Bailey,0,0,Jerzy Frączek
1,4,Jerzy Frączek,140,8,Tim Bailey
1,4,Ian Franklin,367,5,Robert Podeszwa
1,4,Robert Podeszwa,420,6,Ian Franklin
1,4,Nicholas Griffiths,195,6,Andrew Clarke
1,4,Andrew Clarke,177,5,Nicholas Griffiths
1,4,Matthew Chambers,189,2,Matthew Moncrief
1,4,Matthew Moncrief,430,9,Matthew Chambers
1,4,Bodhi Lovely,233,7,Ryder Curry
1,4,Ryder Curry,162,4,Bodhi Lovely
1,4,Michael Wright,0,5,Ryan Kubryn
1,4,Ryan Kubryn,27,6,Michael Wright
1,4,Kyle Holt,260,9,Rob Harrison
1,4,Rob Harrison,9,2,Kyle Holt
1,4,Forrest Weigel,21,4,Derek MacKinnon
1,4,Derek MacKinnon,109,7,Forrest Weigel
1,4,William Oder,247,7,Andy Jackson
1,4,Andy Jackson,140,4,William Oder
1,4,Joshua Gorhau,400,10,David Huber
1,4,David Huber,14,1,Joshua Gorhau
1,4,Drew Hunnicutt,243,3,Matthew Stoebner
1,4,Matthew Stoebner,420,8,Drew Hunnicutt
1,4,Christopher Dyson,64,2,Kevin Leintz
1,4,Kevin Leintz,295,9,Christopher Dyson
1,4,Nathanial Beaver,49,1,Paul Adler
1,4,Paul Adler,502,10,Nathanial Beaver
1,4,Justin Rasmussen,159,5,Nathan Ray
1,4,Nathan Ray,188,6,Justin Rasmussen
1,4,Adam Momsen,189,4,Michael Lyssy
1,4,Michael Lyssy,264,7,Adam Momsen
1,4,Devon Balas,139,2,Robin Sather
1,4,Robin Sather,400,9,Devon Balas
1,4,Scott Bellamy,400,10,Kyle Bowen
1,4,Kyle Bowen,20,1,Scott Bellamy
1,4,Nicholas Brown,351,9,Jakub Charmo
1,4,Jakub Charmo,130,2,Nicholas Brown
1,4,Justin Campeau,50,5,Patrick Logan
1,4,Patrick Logan,82,6,Justin Campeau
1,4,Paul Tomashevskyi,400,10,Shawn Tweten
1,4,Shawn Tweten,0,1,Paul Tomashevskyi
1,4,Owen Evans,15,2,Landon Vomastic
1,4,Landon Vomastic,289,9,Owen Evans
1,4,Sean Newman,416,10,John Benedict
1,4,John Benedict,37,1,Sean Newman
1,4,Tyler Szorcsik,188,6,John Fischer
1,4,John Fischer,144,5,Tyler Szorcsik
1,4,William Gutierrez Gonzalez,400,8,Kale Campagna
1,4,Kale Campagna,190,3,William Gutierrez Gonzalez
1,4,Josh Phipps,60,4,Nicholas Kolker
1,4,Nicholas Kolker,171,7,Josh Phipps
1,4,William Schuman,65,3,Evan Rice
1,4,Evan Rice,249,8,William Schuman
1,4,Timothy Surburg,139,4,Marcus Kubryn
1,4,Marcus Kubryn,264,7,Timothy Surburg
1,4,Ryan Neupert,31,1,Aidan Broome
1,4,Aidan Broome,400,10,Ryan Neupert
1,4,Ian Halterman,400,10,William Brand
1,4,William Brand,0,1,Ian Halterman
1,4,Jeffrey Post,256,4,Matt Somes
1,4,Matt Somes,333,7,Jeffrey Post
1,4,Aaron Ray,262,8,Eric Kingsley
1,4,Eric Kingsley,66,3,Aaron Ray
1,4,Matt Palo,60,3,Jared Eslick-Coats
1,4,Jared Eslick-Coats,238,8,Matt Palo
1,4,Aaron Klingbeil,400,8,William Welch
1,4,William Welch,207,3,Aaron Klingbeil
1,4,Dennis Backofen,159,4,Batlomiej Przybysz
1,4,Batlomiej Przybysz,221,7,Dennis Backofen
1,4,James Godfrey,152,5,Robert Olmsted
1,4,Robert Olmsted,207,6,James Godfrey
1,4,Steve Cornell,400,10,Roy Drum
1,4,Roy Drum,32,1,Steve Cornell
1,4,Joseph Ziebelman,400,9,Daniel Hrobar
1,4,Daniel Hrobar,159,2,Joseph Ziebelman
1,4,Aiden Jablonski,400,10,Dennis Daniels
1,4,Dennis Daniels,0,1,Aiden Jablonski
1,4,Justin Robbins,131,4,Robert Schaefer
1,4,Robert Schaefer,243,7,Justin Robbins
1,4,Jacob Amos-Landgraf,241,7,Adam Klopfenstein
1,4,Adam Klopfenstein,123,4,Jacob Amos-Landgraf
1,4,Andrew Koltun,0,4,Tom Kolker
1,4,Tom Kolker,112,7,Andrew Koltun
1,4,Greg Goodwin,92,4,Steve Smaha
1,4,Steve Smaha,231,7,Greg Goodwin
1,4,Josiah Nelson,56,3,Christopher Cottrill
1,4,Christopher Cottrill,220,8,Josiah Nelson
1,4,Ricardo Marmolejo,249,8,Atticus Rampson
1,4,Atticus Rampson,64,3,Ricardo Marmolejo
1,4,Mitchell Trantham,140,8,
2,1,Robin Sather,160,2,Joseph Morton
2,1,Joseph Morton,400,9,Robin Sather
2,1,Samuel Simon,70,6,Kevin Leintz
2,1,Kevin Leintz,51,5,Samuel Simon
2,1,Nicholas Brown,219,6,Kyle Campagna
2,1,Kyle Campagna,176,5,Nicholas Brown
2,1,Paul Adler,129,5,Mackenzie Dalla Lana
2,1,Mackenzie Dalla Lana,173,6,Paul Adler
2,1,Greg Fyfe,118,4,Ryan Becker
2,1,Ryan Becker,231,7,Greg Fyfe
2,1,Jerzy Frączek,44,3,Christopher Fritz
2,1,Christopher Fritz,191,8,Jerzy Frączek
2,1,Joshua Fletcher,133,5,Royce Podeszwa
2,1,Royce Podeszwa,161,6,Joshua Fletcher
2,1,Justin Schoonmaker,95,6,Sean Newman
2,1,Sean Newman,52,5,Justin Schoonmaker
2,1,Jordan Shettell,400,8,Michael Cox
2,1,Michael Cox,209,3,Jordan Shettell
2,1,Robert Coldwell,26,4,Paul Conrad
2,1,Paul Conrad,134,7,Robert Coldwell
2,1,Jacek Klopotowski,91,7,Scott Bellamy
2,1,Scott Bellamy,23,4,Jacek Klopotowski
2,1,Samuel Wang,31,6,Benjamin Baldwin
2,1,Benjamin Baldwin,25,5,Samuel Wang
2,1,Patrick Doupe,56,6,Andrew Armbruster
2,1,Andrew Armbruster,43,5,Patrick Doupe
2,1,Aron Huckaba,30,3,Nicholas Larson
2,1,Nicholas Larson,213,8,Aron Huckaba
2,1,Andrew Preyer,26,5,Adam Newton
2,1,Adam Newton,75,6,Andrew Preyer
2,1,Colin Looney,362,9,Justin Preyer
2,1,Justin Preyer,126,2,Colin Looney
2,1,Daniel Allen,224,8,Kyle Holt
2,1,Kyle Holt,29,3,Daniel Allen
2,1,Andrew Sackett,30,5,James McCartney
2,1,James McCartney,38,6,Andrew Sackett
2,1,Matthew Ansley,208,6,Joshua Gorhau
2,1,Joshua Gorhau,201,5,Matthew Ansley
2,1,Dennis Raschke,76,6,Eric Burtch
2,1,Eric Burtch,65,5,Dennis Raschke
2,1,Matthew Moncrief,95,5,Paul Tomashevskyi
2,1,Paul Tomashevskyi,152,6,Matthew Moncrief
2,1,Daniel Unzeitig,32,6,Damon Jordan
2,1,Damon Jordan,30,5,Daniel Unzeitig
2,1,Rhys Aghatabay,121,7,Jason Dedrick
2,1,Jason Dedrick,55,4,Rhys Aghatabay
2,1,Jason Hughley,355,10,Andrew Graber
2,1,Andrew Graber,20,1,Jason Hughley
2,2,Jason Hughley,135,3,Joseph Morton
2,2,Joseph Morton,294,8,Jason Hughley
2,2,Daniel Allen,9,2,Colin Looney
2,2,Colin Looney,237,9,Daniel Allen
2,2,Jordan Shettell,58,4,Christopher Fritz
2,2,Christopher Fritz,164,7,Jordan Shettell
2,2,Rhys Aghatabay,224,8,Nicholas Larson
2,2,Nicholas Larson,72,3,Rhys Aghatabay
2,2,Jacek Klopotowski,281,7,Ryan Becker
2,2,Ryan Becker,168,4,Jacek Klopotowski
2,2,Paul Conrad,248,2,Paul Tomashevskyi
2,2,Paul Tomashevskyi,500,9,Paul Conrad
2,2,Samuel Simon,46,5,Daniel Unzeitig
2,2,Daniel Unzeitig,100,6,Samuel Simon
2,2,Mackenzie Dalla Lana,119,2,Adam Newton
2,2,Adam Newton,391,9,Mackenzie Dalla Lana
2,2,James McCartney,0,4,Dennis Raschke
2,2,Dennis Raschke,124,7,James McCartney
2,2,Nicholas Brown,11,6,Justin Schoonmaker
2,2,Justin Schoonmaker,0,5,Nicholas Brown
2,2,Matthew Ansley,176,5,Royce Podeszwa
2,2,Royce Podeszwa,218,6,Matthew Ansley
2,2,Patrick Doupe,0,3,Samuel Wang
2,2,Samuel Wang,155,8,Patrick Doupe
2,2,Sean Newman,56,4,Benjamin Baldwin
2,2,Benjamin Baldwin,168,7,Sean Newman
2,2,Joshua Gorhau,183,4,Damon Jordan
2,2,Damon Jordan,322,7,Joshua Gorhau
2,2,Matthew Moncrief,72,4,Andrew Preyer
2,2,Andrew Preyer,179,7,Matthew Moncrief
2,2,Andrew Sackett,190,4,Kyle Campagna
2,2,Kyle Campagna,266,7,Andrew Sackett
2,2,Joshua Fletcher,257,3,Paul Adler
2,2,Paul Adler,460,8,Joshua Fletcher
2,2,Eric Burtch,14,3,Andrew Armbruster
2,2,Andrew Armbruster,229,8,Eric Burtch
2,2,Kevin Leintz,212,7,Scott Bellamy
2,2,Scott Bellamy,148,4,Kevin Leintz
2,2,Jason Dedrick,400,10,Greg Fyfe
2,2,Greg Fyfe,25,1,Jason Dedrick
2,2,Aron Huckaba,400,10,Robert Coldwell
2,2,Robert Coldwell,0,1,Aron Huckaba
2,2,Michael Cox,385,7,Jerzy Frączek
2,2,Jerzy Frączek,263,4,Michael Cox
2,2,Kyle Holt,273,2,Justin Preyer
2,2,Justin Preyer,520,9,Kyle Holt
2,2,Andrew Graber,460,10,Robin Sather
2,2,Robin Sather,26,1,Andrew Graber
2,3,Joseph Morton,114,3,Colin Looney
2,3,Colin Looney,279,8,Joseph Morton
2,3,Rhys Aghatabay,400,10,Paul Tomashevskyi
2,3,Paul Tomashevskyi,25,1,Rhys Aghatabay
2,3,Adam Newton,327,7,Christopher Fritz
2,3,Christopher Fritz,227,4,Adam Newton
2,3,Jason Dedrick,138,7,Samuel Wang
2,3,Samuel Wang,76,4,Jason Dedrick
2,3,Jacek Klopotowski,163,5,Dennis Raschke
2,3,Dennis Raschke,182,6,Jacek Klopotowski
2,3,Paul Adler,103,7,Aron Huckaba
2,3,Aron Huckaba,29,4,Paul Adler
2,3,Andrew Armbruster,29,3,Jason Hughley
2,3,Jason Hughley,172,8,Andrew Armbruster
2,3,Benjamin Baldwin,46,3,Nicholas Brown
2,3,Nicholas Brown,236,8,Benjamin Baldwin
2,3,Daniel Unzeitig,380,10,Kyle Campagna
2,3,Kyle Campagna,0,1,Daniel Unzeitig
2,3,Damon Jordan,475,8,Royce Podeszwa
2,3,Royce Podeszwa,275,3,Damon Jordan
2,3,Andrew Preyer,322,5,Kevin Leintz
2,3,Kevin Leintz,378,6,Andrew Preyer
2,3,Jordan Shettell,0,2,Andrew Graber
2,3,Andrew Graber,254,9,Jordan Shettell
2,3,Justin Preyer,64,6,Matthew Ansley
2,3,Matthew Ansley,29,5,Justin Preyer
2,3,Nicholas Larson,88,6,Samuel Simon
2,3,Samuel Simon,62,5,Nicholas Larson
2,3,Justin Schoonmaker,196,5,Ryan Becker
2,3,Ryan Becker,215,6,Justin Schoonmaker
2,3,James McCartney,240,8,Michael Cox
2,3,Michael Cox,82,3,James McCartney
2,3,Daniel Allen,400,9,Andrew Sackett
2,3,Andrew Sackett,165,2,Daniel Allen
2,3,Matthew Moncrief,294,8,Joshua Gorhau
2,3,Joshua Gorhau,142,3,Matthew Moncrief
2,3,Patrick Doupe,253,8,Sean Newman
2,3,Sean Newman,77,3,Patrick Doupe
2,3,Paul Conrad,253,6,Scott Bellamy
2,3,Scott Bellamy,230,5,Paul Conrad
2,3,Joshua Fletcher,187,5,Eric Burtch
2,3,Eric Burtch,236,6,Joshua Fletcher
2,3,Mackenzie Dalla Lana,355,10,Jerzy Frączek
2,3,Jerzy Frączek,50,1,Mackenzie Dalla Lana
2,3,Robert Coldwell,294,9,Kyle Holt
2,3,Kyle Holt,35,2,Robert Coldwell
2,3,Robin Sather,158,2,Greg Fyfe
2,3,Greg Fyfe,445,9,Robin Sather
2,4,Colin Looney,0,5,Rhys Aghatabay
2,4,Rhys Aghatabay,0,6,Colin Looney
2,4,Adam Newton,75,6,Daniel Unzeitig
2,4,Daniel Unzeitig,24,5,Adam Newton
2,4,Jason Dedrick,40,1,Jason Hughley
2,4,Jason Hughley,365,10,Jason Dedrick
2,4,Paul Adler,246,5,Andrew Graber
2,4,Andrew Graber,258,6,Paul Adler
2,4,Joseph Morton,226,3,Nicholas Brown
2,4,Nicholas Brown,400,8,Joseph Morton
2,4,Christopher Fritz,56,1,Damon Jordan
2,4,Damon Jordan,400,10,Christopher Fritz
2,4,Jacek Klopotowski,450,10,Daniel Allen
2,4,Daniel Allen,136,1,Jacek Klopotowski
2,4,Mackenzie Dalla Lana,125,6,Dennis Raschke
2,4,Dennis Raschke,95,5,Mackenzie Dalla Lana
2,4,James McCartney,259,9,Samuel Wang
2,4,Samuel Wang,39,2,James McCartney
2,4,Kevin Leintz,255,7,Matthew Moncrief
2,4,Matthew Moncrief,194,4,Kevin Leintz
2,4,Justin Preyer,162,8,Aron Huckaba
2,4,Aron Huckaba,0,3,Justin Preyer
2,4,Ryan Becker,415,10,Nicholas Larson
2,4,Nicholas Larson,80,1,Ryan Becker
2,4,Patrick Doupe,184,8,Andrew Preyer
2,4,Andrew Preyer,0,3,Patrick Doupe
2,4,Justin Schoonmaker,190,7,Matthew Ansley
2,4,Matthew Ansley,96,4,Justin Schoonmaker
2,4,Andrew Armbruster,445,10,Paul Tomashevskyi
2,4,Paul Tomashevskyi,84,1,Andrew Armbruster
2,4,Royce Podeszwa,136,1,Samuel Simon
2,4,Samuel Simon,535,10,Royce Podeszwa
2,4,Benjamin Baldwin,0,1,Paul Conrad
2,4,Paul Conrad,305,10,Benjamin Baldwin
2,4,Eric Burtch,284,8,Robert Coldwell
2,4,Robert Coldwell,122,3,Eric Burtch
2,4,Jordan Shettell,138,4,Greg Fyfe
2,4,Greg Fyfe,274,7,Jordan Shettell
2,4,Scott Bellamy,95,1,Michael Cox
2,4,Michael Cox,400,10,Scott Bellamy
2,4,Kyle Campagna,430,9,Joshua Fletcher
2,4,Joshua Fletcher,134,2,Kyle Campagna
2,4,Sean Newman,155,6,Joshua Gorhau
2,4,Joshua Gorhau,153,5,Sean Newman
2,4,Andrew Sackett,344,9,Jerzy Frączek
2,4,Jerzy Frączek,98,2,Andrew Sackett
2,4,Robin Sather,324,9,Kyle Holt
2,4,Kyle Holt,83,2,Robin Sather
3,1,Damon Jordan,78,5,Jason Hughley
3,1,Jason Hughley,124,6,Damon Jordan
3,1,Ryan Becker,46,6,Nicholas Brown
3,1,Nicholas Brown,23,5,Ryan Becker
3,1,Rhys Aghatabay,47,3,Adam Newton
3,1,Adam Newton,213,8,Rhys Aghatabay
3,1,Colin Looney,148,6,Jacek Klopotowski
3,1,Jacek Klopotowski,139,5,Colin Looney
3,2,Adam Newton,17,3,Ryan Becker
3,2,Ryan Becker,172,8,Adam Newton
3,2,Jason Hughley,520,10,Colin Looney
3,2,Colin Looney,0,1,Jason Hughley
3,2,Nicholas Brown,179,4,Damon Jordan
3,2,Damon Jordan,313,7,Nicholas Brown
3,2,Jacek Klopotowski,146,4,Rhys Aghatabay
3,2,Rhys Aghatabay,253,7,Jacek Klopotowski
3,3,Jason Hughley,256,7,Ryan Becker
3,3,Ryan Becker,185,4,Jason Hughley
3,3,Damon Jordan,251,7,Adam Newton
3,3,Adam Newton,147,4,Damon Jordan
3,3,Rhys Aghatabay,81,1,Colin Looney
3,3,Colin Looney,423,10,Rhys Aghatabay
3,3,Jacek Klopotowski,100,5,Nicholas Brown
3,3,Nicholas Brown,122,6,Jacek Klopotowski
